Workbook

Sheet Task Board
A1: Sprint 1: Requirement & Setup (1 Okt 2026 - 14 Okt 2026)
A3: ID | B3: Urutan | C3: Tugas | D3: PIC | E3: Mulai | F3: Deadline | G3: Prioritas | H3: Status | J3: Catatan
A4: S1-01 | B4: 1 | C4: Finalisasi PRD, scope MVP, keputusan teknis (anonimitas timestamp, alur token) | D4: Project Manager | E4: 46297 | F4: 46300 | G4: Tinggi | H4: In Progress
A5: S1-02 | B5: 2 | C5: User stories, acceptance criteria, use case diagram | D5: System Analyst | E5: 46297 | F5: 46302 | G5: Tinggi | H5: In Progress
A6: S1-03 | B6: 3 | C6: Skema database (ERD) dan migrasi awal | D6: Backend & Security | E6: 46298 | F6: 46303 | G6: Tinggi | H6: To Do
A7: S1-04 | B7: 4 | C7: Repo, Docker-compose, struktur proyek | D7: Backend & Security | E7: 46298 | F7: 46304 | G7: Tinggi | H7: To Do
A8: S1-05 | B8: 5 | C8: Kontrak API (OpenAPI) dan format request/response face service | D8: Backend & Security | E8: 46301 | F8: 46305 | G8: Tinggi | H8: To Do
A9: S1-06 | B9: 6 | C9: Kesepakatan format input/output face service dengan Backend | D9: AI / Computer Vision | E9: 46301 | F9: 46305 | G9: Tinggi | H9: To Do
A10: S1-07 | B10: 7 | C10: Wireframe dan user flow (login, kamera, bilik suara) | D10: UI/UX Designer | E10: 46296 | F10: 46305 | G10: Tinggi | H10: In Progress
A11: S1-08 | B11: 8 | C11: Riset model wajah (dlib vs InsightFace) dan dataset uji | D11: AI / Computer Vision | E11: 46298 | F11: 46307 | G11: Tinggi | H11: To Do
A12: S1-09 | B12: 9 | C12: Setup Next.js + Tailwind dan komponen dasar | D12: Frontend Developer | E12: 46303 | F12: 46309 | G12: Sedang | H12: To Do
A13: S1-10 | B13: 10 | C13: Test plan awal dan template test case | D13: Tester | E13: 46303 | F13: 46309 | G13: Sedang | H13: To Do
A14: S1-11 | B14: 11 | C14: Sprint planning, board tugas, manajemen risiko awal | D14: Project Manager | E14: 46297 | F14: 46309 | G14: Sedang | H14: In Progress

Sheet Ringkasan
A1: Ringkasan Progres Sprint 1
A3: Status | B3: Jumlah
A4: Done | B4: =COUNTIF('Task Board'!H4:H40,A4) -> 0
A5: Review | B5: =COUNTIF('Task Board'!H4:H40,A5) -> 0
A6: In Progress | B6: =COUNTIF('Task Board'!H4:H40,A6) -> 4
A7: To Do | B7: =COUNTIF('Task Board'!H4:H40,A7) -> 7
A8: Total | B8: =SUM(B4:B7) -> 11
A9: % Selesai | B9: =IF(B8=0,0,B4/B8) -> 0
A10: Tugas jalur kritis belum Done | B10: =COUNTIFS('Task Board'!I4:I40,"Ya",'Task Board'!H4:H40,"<>Done") -> 0
A13: Beban Tugas per Peran
A14: Peran | B14: Total | C14: Done | D14: In Progress | E14: To Do | F14: Review | G14: % Selesai
A15: Project Manager | B15: =COUNTIF('Task Board'!D4:D40,A15) -> 2 | C15: =COUNTIFS('Task Board'!D4:D40,$A15,'Task Board'!H4:H40,"Done") -> 0 | D15: =COUNTIFS('Task Board'!D4:D40,$A15,'Task Board'!H4:H40,"In Progress") -> 2 | E15: =COUNTIFS('Task Board'!D4:D40,$A15,'Task Board'!H4:H40,"To Do") -> 0 | F15: =COUNTIFS('Task Board'!D4:D40,$A15,'Task Board'!H4:H40,"Review") -> 0 | G15: =IF(B15=0,0,C15/B15) -> 0
A16: System Analyst | B16: =COUNTIF('Task Board'!D4:D40,A16) -> 1 | C16: =COUNTIFS('Task Board'!D4:D40,$A16,'Task Board'!H4:H40,"Done") -> 0 | D16: =COUNTIFS('Task Board'!D4:D40,$A16,'Task Board'!H4:H40,"In Progress") -> 1 | E16: =COUNTIFS('Task Board'!D4:D40,$A16,'Task Board'!H4:H40,"To Do") -> 0 | F16: =COUNTIFS('Task Board'!D4:D40,$A16,'Task Board'!H4:H40,"Review") -> 0 | G16: =IF(B16=0,0,C16/B16) -> 0
A17: Tester | B17: =COUNTIF('Task Board'!D4:D40,A17) -> 1 | C17: =COUNTIFS('Task Board'!D4:D40,$A17,'Task Board'!H4:H40,"Done") -> 0 | D17: =COUNTIFS('Task Board'!D4:D40,$A17,'Task Board'!H4:H40,"In Progress") -> 0 | E17: =COUNTIFS('Task Board'!D4:D40,$A17,'Task Board'!H4:H40,"To Do") -> 1 | F17: =COUNTIFS('Task Board'!D4:D40,$A17,'Task Board'!H4:H40,"Review") -> 0 | G17: =IF(B17=0,0,C17/B17) -> 0
A18: UI/UX Designer | B18: =COUNTIF('Task Board'!D4:D40,A18) -> 1 | C18: =COUNTIFS('Task Board'!D4:D40,$A18,'Task Board'!H4:H40,"Done") -> 0 | D18: =COUNTIFS('Task Board'!D4:D40,$A18,'Task Board'!H4:H40,"In Progress") -> 1 | E18: =COUNTIFS('Task Board'!D4:D40,$A18,'Task Board'!H4:H40,"To Do") -> 0 | F18: =COUNTIFS('Task Board'!D4:D40,$A18,'Task Board'!H4:H40,"Review") -> 0 | G18: =IF(B18=0,0,C18/B18) -> 0
A19: Frontend Developer | B19: =COUNTIF('Task Board'!D4:D40,A19) -> 1 | C19: =COUNTIFS('Task Board'!D4:D40,$A19,'Task Board'!H4:H40,"Done") -> 0 | D19: =COUNTIFS('Task Board'!D4:D40,$A19,'Task Board'!H4:H40,"In Progress") -> 0 | E19: =COUNTIFS('Task Board'!D4:D40,$A19,'Task Board'!H4:H40,"To Do") -> 1 | F19: =COUNTIFS('Task Board'!D4:D40,$A19,'Task Board'!H4:H40,"Review") -> 0 | G19: =IF(B19=0,0,C19/B19) -> 0
A20: Backend & Security | B20: =COUNTIF('Task Board'!D4:D40,A20) -> 3 | C20: =COUNTIFS('Task Board'!D4:D40,$A20,'Task Board'!H4:H40,"Done") -> 0 | D20: =COUNTIFS('Task Board'!D4:D40,$A20,'Task Board'!H4:H40,"In Progress") -> 0 | E20: =COUNTIFS('Task Board'!D4:D40,$A20,'Task Board'!H4:H40,"To Do") -> 3 | F20: =COUNTIFS('Task Board'!D4:D40,$A20,'Task Board'!H4:H40,"Review") -> 0 | G20: =IF(B20=0,0,C20/B20) -> 0
A21: AI / Computer Vision | B21: =COUNTIF('Task Board'!D4:D40,A21) -> 2 | C21: =COUNTIFS('Task Board'!D4:D40,$A21,'Task Board'!H4:H40,"Done") -> 0 | D21: =COUNTIFS('Task Board'!D4:D40,$A21,'Task Board'!H4:H40,"In Progress") -> 0 | E21: =COUNTIFS('Task Board'!D4:D40,$A21,'Task Board'!H4:H40,"To Do") -> 2 | F21: =COUNTIFS('Task Board'!D4:D40,$A21,'Task Board'!H4:H40,"Review") -> 0 | G21: =IF(B21=0,0,C21/B21) -> 0

Sheet Tujuan & Syarat Lulus
A1: Tujuan dan Syarat Lulus Sprint 1
A3: Tujuan sprint | B3: Semua orang punya pegangan yang sama sebelum menulis kode.
A4: Periode | B4: 1 Okt 2026 - 14 Okt 2026
A5: Sprint planning | B5: 1 Okt 2026
A6: Sprint review & retrospective | B6: 14 Okt 2026
A8: Syarat lulus sprint (Definition of Done)
A9: Kriteria | B9: Tercapai?
A10: PRD final dan scope MVP terkunci | B10: Belum
A11: Skema database disetujui | B11: Belum
A12: OpenAPI (kontrak API) tersedia | B12: Belum
A13: Format request/response face service disepakati | B13: Belum
A14: Wireframe layar utama selesai | B14: Belum
A15: Repo dan Docker-compose bisa dijalankan semua anggota | B15: Belum
A16: Kriteria tercapai | B16: =COUNTIF(B10:B15,"Ya")&" / "&COUNTA(A10:A15) -> 0 / 6
A18: Keputusan / hasil yang harus dicatat
A19: Anonimitas timestamp (voted_at vs casted_at) dan alur token diputuskan
A20: Consent biometrik dimasukkan ke alur registrasi
A22: Catatan retrospective
A23: Yang berjalan baik:
A24: Yang perlu diperbaiki:
A25: Aksi untuk sprint berikutnya:
